track_name,artist_name,COMB,artist_pop,track_pop,danceability,energy,loudness,mode,key,speechiness,acousticness,instrumentalness,liveness,valence,tempo,time_signature,duration_ms
Running Up That Hill (A Deal With God),Kate Bush,Running Up That Hill (A Deal With God)Kate Bush,81,95,0.629,0.547,-13.123,0,10,0.055,0.72,0.00314,0.0604,0.197,108.375,4,298933
As It Was,Harry Styles,As It WasHarry Styles,91,96,0.52,0.731,-5.338,0,6,0.0557,0.342,0.00101,0.311,0.662,173.93,4,167303
Sunroof,Nicky Youre,SunroofNicky Youre,73,44,0.768,0.716,-5.11,1,10,0.0404,0.35,0,0.15,0.841,131.43,4,163026
Heat Waves,Glass Animals,Heat WavesGlass Animals,80,89,0.761,0.525,-6.9,1,11,0.0944,0.44,6.70E-06,0.0921,0.531,80.87,4,238805
About Damn Time,Lizzo,About Damn TimeLizzo,81,92,0.836,0.743,-6.305,0,10,0.0656,0.0995,0,0.335,0.722,108.966,4,191822
Glimpse of Us,Joji,Glimpse of UsJoji,85,97,0.44,0.317,-9.258,1,8,0.0531,0.891,4.78E-06,0.141,0.268,169.914,3,233456
Bad Habit,Steve Lacy,Bad HabitSteve Lacy,83,86,0.686,0.494,-7.093,1,1,0.0355,0.613,5.80E-05,0.402,0.7,168.946,4,232067
STAY (with Justin Bieber),The Kid LAROI,STAY (with Justin Bieber)The Kid LAROI,83,89,0.591,0.764,-5.484,1,1,0.0483,0.0383,0,0.103,0.478,169.928,4,141806
Enemy (with JID) - from the series Arcane League of Legends,Imagine Dragons,Enemy (with JID) - from the series Arcane League of LegendsImagine Dragons,88,87,0.728,0.783,-4.424,0,11,0.266,0.237,0,0.434,0.555,77.011,4,173381
First Class,Jack Harlow,First ClassJack Harlow,84,89,0.905,0.563,-6.135,1,8,0.102,0.0254,9.71E-06,0.113,0.324,106.998,4,173948
Afraid To Feel,LF SYSTEM,Afraid To FeelLF SYSTEM,68,86,0.578,0.912,-3.929,1,1,0.114,0.0166,0.00362,0.273,0.68,127.87,4,177525
Betty (Get Money),Yung Gravy,Betty (Get Money)Yung Gravy,75,87,0.723,0.772,-6.784,1,1,0.0792,0.00524,1.15E-05,0.367,0.58,102.004,4,146471
abcdefu,GAYLE,abcdefuGAYLE,71,87,0.695,0.54,-5.692,1,4,0.0493,0.299,0,0.367,0.415,121.932,4,168602
Being Good Is Boring,Jena Rose,Being Good Is BoringJena Rose,40,55,0.767,0.758,-3.191,0,11,0.084,0.0368,0,0.0682,0.844,111.986,4,160982
MIDDLE OF THE NIGHT,Elley Duh√©,MIDDLE OF THE NIGHTElley Duh√©,75,91,0.41,0.611,-8.271,0,4,0.0467,0.0228,0,0.116,0.0899,185.727,3,184448
Envolver,Anitta,EnvolverAnitta,80,86,0.812,0.736,-5.421,0,4,0.0833,0.152,0.00254,0.0914,0.396,91.993,4,193806
AMG,Jt5k,AMGJt5k,36,0,0.802,0.509,-6.889,0,10,0.181,0.0283,0,0.307,0.0567,87.849,4,135000
SNAP,Rosa Linn,SNAPRosa Linn,74,89,0.563,0.639,-8.205,1,0,0.0684,0.107,1.06E-05,0.446,0.518,169.985,4,179551
Baby Girl,Disco Lines,Baby GirlDisco Lines,59,76,0.73,0.907,-3.72,1,2,0.0606,0.0921,0.114,0.23,0.249,120.968,4,111074
Flex On My Ex (with Bankrol Hayden),KillBunk,Flex On My Ex (with Bankrol Hayden)KillBunk,60,57,0.619,0.707,-8.033,1,1,0.099,0.00601,0,0.0946,0.365,85.285,5,166805
House of Memories,Panic! At The Disco,House of MemoriesPanic! At The Disco,78,86,0.506,0.817,-5.051,0,11,0.0335,0.00272,0,0.0486,0.506,109.952,4,208707
The Plan,Arman Aydin,The PlanArman Aydin,64,58,0.812,0.653,-5.849,0,5,0.0361,0.0059,0,0.105,0.864,124.034,4,135484
Thousand Miles,The Kid LAROI,Thousand MilesThe Kid LAROI,83,84,0.376,0.657,-4.658,1,7,0.0768,0.0858,0,0.0884,0.203,80.565,4,164782
INDUSTRY BABY (feat. Jack Harlow),Lil Nas X,INDUSTRY BABY (feat. Jack Harlow)Lil Nas X,81,86,0.736,0.704,-7.409,0,3,0.0615,0.0203,0,0.0501,0.894,149.995,4,212000
Until I Found You,Stephen Sanchez,Until I Found YouStephen Sanchez,74,90,0.539,0.508,-6.05,1,10,0.0288,0.727,0,0.174,0.227,101.358,3,177720
Oh No,Kreepa,Oh NoKreepa,41,58,0.541,0.527,-7.438,0,11,0.147,0.00279,0.000509,0.286,0.429,176.123,4,166504
Cooped Up (with Roddy Ricch),Post Malone,Cooped Up (with Roddy Ricch)Post Malone,89,83,0.669,0.773,-5.619,1,0,0.153,0.038,0,0.113,0.377,93.923,4,185857
TO THE MOON,Jnr Choi,TO THE MOONJnr Choi,63,79,0.745,0.65,-11.814,1,2,0.346,0.0451,0.00758,0.111,0.386,144.047,4,152137
Dreamer,Astelle,DreamerAstelle,32,42,0.744,0.848,-5.073,0,9,0.0993,0.0811,1.12E-05,0.0889,0.823,150.056,4,178913
Left and Right (Charlie Puth) [feat. Jung Kook of BTS] - Sped Up Version,sped up nightcore,Left and Right (Charlie Puth) [feat. Jung Kook of BTS] - Sped Up Versionsped up nightcore,63,58,0.827,0.456,-9.246,1,5,0.0942,0.622,9.79E-05,0.109,0.689,114.269,4,135978
Pepas,YES YES,PepasYES YES,54,58,0.691,0.823,-4.974,1,7,0.0626,0.0235,0,0.0781,0.149,125.973,4,134330
Bam Bam (feat. Ed Sheeran),Camila Cabello,Bam Bam (feat. Ed Sheeran)Camila Cabello,82,83,0.756,0.697,-6.377,1,8,0.0401,0.182,0,0.333,0.956,94.996,4,206071
Fever - Remix,XY&O,Fever - RemixXY&O,31,0,0.782,0.586,-6.067,0,10,0.0567,0.0608,0.00409,0.115,0.724,120.018,4,156000
On My Way!,P.S.,On My Way!P.S.,39,54,0.797,0.666,-6.588,0,0,0.0363,0.167,0.000131,0.104,0.855,119.021,4,177080
Another Love,Tom Odell,Another LoveTom Odell,74,89,0.445,0.537,-8.532,0,4,0.04,0.695,1.65E-05,0.0944,0.131,122.769,4,244360
Frozen,Madonna,FrozenMadonna,77,76,0.706,0.633,-9.584,1,1,0.0419,0.267,0.0192,0.175,0.375,110.005,4,120157
Riptide,Viva La Panda,RiptideViva La Panda,56,51,0.621,0.847,-6.108,1,3,0.278,0.0584,1.11E-06,0.109,0.373,101.996,4,172431
Down Under (feat. Colin Hay),Luude,Down Under (feat. Colin Hay)Luude,68,72,0.308,0.861,-4.112,0,11,0.172,0.012,0.00103,0.277,0.0386,171.966,4,158774
Meet Me At Our Spot,THE ANXIETY,Meet Me At Our SpotTHE ANXIETY,65,81,0.773,0.47,-7.93,1,2,0.0299,0.0153,0.000193,0.0851,0.399,94.995,4,162680
When You're Gone,Paradigm,When You're GoneParadigm,62,53,0.783,0.753,-5.003,1,11,0.325,0.0117,0,0.139,0.663,124.036,4,145161
That Bxtch,Taylor Watson,That BxtchTaylor Watson,29,47,0.645,0.681,-5.961,1,4,0.139,0.037,0,0.0783,0.458,163.87,4,142644
Long Road,HotBlock Jmoe,Long RoadHotBlock Jmoe,34,52,0.738,0.685,-8.113,0,10,0.409,0.135,0,0.4,0.663,162.039,4,204000
Without You,John De Sohn,Without YouJohn De Sohn,61,0,0.643,0.745,-5.554,0,5,0.0619,0.0449,0,0.0916,0.461,124.968,4,182613
Light Switch,Charlie Puth,Light SwitchCharlie Puth,83,79,0.69,0.626,-5.693,1,6,0.306,0.105,0.000335,0.0881,0.912,184.009,4,185681
I Wanna Know,Alex Alexander,I Wanna KnowAlex Alexander,46,52,0.772,0.754,-4.57,0,9,0.05,0.348,0.397,0.0784,0.88,112.043,4,149787
"1, 2, 3 (feat. Jason Derulo & De La Ghetto)",Sof√≠a Reyes,"1, 2, 3 (feat. Jason Derulo & De La Ghetto)Sof√≠a Reyes",72,82,0.792,0.895,-3.112,0,1,0.0589,0.165,0,0.0501,0.794,94.968,4,201526
credit union,Kinrose,credit unionKinrose,41,32,0.776,0.656,-8.921,0,4,0.13,0.329,0,0.119,0.649,148.95,4,183465
love nwantiti (ah ah ah),CKay,love nwantiti (ah ah ah)CKay,73,84,0.727,0.739,-3.805,1,8,0.0411,0.365,0.00137,0.161,0.533,93.005,4,145800
Bad Habits,Ed Sheeran,Bad HabitsEd Sheeran,90,22,0.808,0.897,-3.712,0,11,0.0348,0.0469,3.14E-05,0.364,0.591,126.026,4,231041
Leap of Faith,Alex Alexander,Leap of FaithAlex Alexander,46,51,0.557,0.802,-4.429,1,0,0.0541,0.00924,0.000708,0.569,0.778,169.893,4,191080
Ocean Eyes,Farux,Ocean EyesFarux,45,42,0.729,0.763,-7.677,1,6,0.0345,0.668,0.0264,0.147,0.113,125.989,4,137029
Chaa Chaa Chaa (feat. HoodCelebrityy),Girll Codee,Chaa Chaa Chaa (feat. HoodCelebrityy)Girll Codee,29,45,0.808,0.592,-6.382,1,2,0.415,0.431,0,0.426,0.628,139.925,4,185376
Late Night Talking,Harry Styles,Late Night TalkingHarry Styles,91,93,0.714,0.728,-4.595,1,10,0.0468,0.298,0,0.106,0.901,114.996,4,177955
Moi... Lolita,Monaldin,Moi... LolitaMonaldin,47,49,0.796,0.66,-6.695,0,4,0.0505,0.0531,2.73E-05,0.319,0.735,109.92,4,158312
Warning / Signs,Matvey Emerson,Warning / SignsMatvey Emerson,51,46,0.712,0.829,-8.167,0,0,0.03,0.0891,0.0279,0.168,0.541,121.976,4,155410
Serenity,Shab,SerenityShab,37,46,0.688,0.595,-8.094,0,8,0.0508,0.0515,2.70E-06,0.0853,0.312,117.979,4,202507
MAMIII,Becky G,MAMIIIBecky G,81,87,0.843,0.7,-3.563,0,4,0.0803,0.0934,0,0.14,0.899,93.991,4,226088
Running To You (feat. Caden),VINAI,Running To You (feat. Caden)VINAI,64,65,0.579,0.727,-5.149,0,11,0.0399,0.0321,0,0.714,0.246,124.09,4,183091
Good Morning,P.S.,Good MorningP.S.,39,50,0.732,0.511,-5.101,1,11,0.0413,0.15,8.92E-06,0.059,0.691,171.907,4,161423
MONTERO (Call Me By Your Name),Lil Nas X,MONTERO (Call Me By Your Name)Lil Nas X,81,4,0.61,0.508,-6.682,0,8,0.152,0.297,0,0.384,0.758,178.818,4,137876
Tainted Love,Thatsimo,Tainted LoveThatsimo,44,47,0.646,0.765,-7.586,0,6,0.0448,0.0437,0.000141,0.159,0.362,126.024,4,146667
Build a Bitch,Bella Poarch,Build a BitchBella Poarch,65,76,0.855,0.463,-7.454,1,3,0.0367,0.217,1.77E-05,0.347,0.866,102.931,4,122773
SAD GIRLZ LUV MONEY Remix (feat. Kali Uchis and Moliy),Amaarae,SAD GIRLZ LUV MONEY Remix (feat. Kali Uchis and Moliy)Amaarae,64,80,0.87,0.523,-8.052,0,1,0.0602,0.433,2.07E-05,0.113,0.319,110.02,4,204764
Can't Get You Out of My Head,loafers,Can't Get You Out of My Headloafers,48,52,0.642,0.61,-9.194,0,2,0.0992,0.16,6.89E-06,0.408,0.294,129.886,3,168000
THATS WHAT I WANT,Lil Nas X,THATS WHAT I WANTLil Nas X,81,88,0.737,0.846,-4.51,0,1,0.22,0.00614,0,0.0486,0.546,87.981,4,143901
We Know,JAM & Philly,We KnowJAM & Philly,21,39,0.871,0.819,-6.022,0,4,0.256,0.142,0,0.106,0.712,112.114,4,198982
Cold Heart - PNAU Remix,Elton John,Cold Heart - PNAU RemixElton John,82,73,0.795,0.8,-6.32,1,1,0.0309,0.0354,7.25E-05,0.0915,0.934,116.032,4,202735
Jiggle Jiggle,Duke & Jones,Jiggle JiggleDuke & Jones,64,81,0.864,0.412,-5.886,1,1,0.273,0.458,0.00087,0.124,0.654,99.992,4,97209
Lost,Frank Ocean,LostFrank Ocean,82,0,0.912,0.594,-4.894,0,10,0.226,0.0319,0.00122,0.123,0.514,123.07,4,234093
Would I Lie to You,MISERO,Would I Lie to YouMISERO,40,51,0.796,0.731,-7.725,0,7,0.0669,0.529,0.239,0.143,0.498,120.067,4,174000
Crazy,Alex D'Rosso,CrazyAlex D'Rosso,56,53,0.681,0.865,-4.542,0,11,0.198,0.282,0.000169,0.33,0.494,123.056,4,148293
Life Goes On,Oliver Tree,Life Goes OnOliver Tree,70,80,0.7,0.49,-5.187,1,0,0.076,0.186,0,0.117,0.569,79.982,4,161803
Dinero,Trinidad Cardona,DineroTrinidad Cardona,63,73,0.708,0.782,-4.687,1,2,0.0674,0.00772,0,0.107,0.484,119.997,4,160880
Pieces,Nippandab,PiecesNippandab,40,42,0.698,0.78,-6.251,1,6,0.0626,0.157,0.0325,0.309,0.203,122.076,4,177956
Pope Is a Rockstar,SALES,Pope Is a RockstarSALES,61,74,0.725,0.446,-8.958,0,4,0.0287,0.85,0.243,0.107,0.311,90.024,4,187333
Looking for Love,Asketa & Natan Chaim,Looking for LoveAsketa & Natan Chaim,42,0,0.748,0.894,-4.677,1,7,0.0998,0.311,2.90E-05,0.239,0.503,120.004,4,148000
edamame (feat. Rich Brian),bbno$,edamame (feat. Rich Brian)bbno$,72,77,0.815,0.848,-4.704,0,4,0.115,0.023,0.000162,0.0265,0.684,106.032,4,133707
I Hate U,SZA,I Hate USZA,82,79,0.535,0.388,-9.805,0,7,0.155,0.507,0,0.11,0.412,106.703,5,174000
She Wolf (Falling to Pieces),YES YES,She Wolf (Falling to Pieces)YES YES,54,0,0.592,0.719,-5.044,1,2,0.0452,0.00858,0,0.635,0.169,125.03,4,171028
Memories,Coopex,MemoriesCoopex,60,64,0.745,0.862,-4.18,1,8,0.116,0.335,0.000623,0.102,0.738,123.979,4,138453
Ameno Amapiano Remix (You Wanna Bamba),Goya Menor,Ameno Amapiano Remix (You Wanna Bamba)Goya Menor,52,68,0.807,0.898,-5.837,0,6,0.0393,0.188,0.000395,0.0824,0.743,112.998,4,227101
Say My Name,Why Not,Say My NameWhy Not,36,54,0.773,0.74,-5.052,0,5,0.0315,0.00779,2.48E-05,0.15,0.659,125.981,4,160026
Woman,Doja Cat,WomanDoja Cat,88,89,0.824,0.764,-4.175,0,5,0.0854,0.0888,0.00294,0.117,0.881,107.998,4,172627
Leave The Door Open,Bruno Mars,Leave The Door OpenBruno Mars,86,31,0.586,0.616,-7.964,1,5,0.0324,0.182,0,0.0927,0.719,148.088,4,242096
I AM WOMAN,Emmy Meli,I AM WOMANEmmy Meli,59,76,0.646,0.471,-9.247,1,10,0.157,0.122,0,0.125,0.455,170.084,4,232813
Paint It Black,Dame Dame,Paint It BlackDame Dame,48,56,0.69,0.741,-7.405,1,7,0.0363,0.0433,0.00429,0.0975,0.0774,125.985,4,146190
Vacation,Dirty Heads,VacationDirty Heads,65,67,0.736,0.751,-5.588,1,8,0.034,0.0381,0,0.105,0.839,150.064,4,209722
Free Falling Love,Lucas Estrada,Free Falling LoveLucas Estrada,63,58,0.771,0.932,-3.727,0,7,0.0424,0.311,0.000158,0.116,0.139,120.012,4,155000
Ocean Drive,Harddope,Ocean DriveHarddope,49,51,0.645,0.868,-6.861,0,8,0.0828,0.0661,0.00471,0.241,0.51,120.009,4,197000
Kiss Me More (feat. SZA),Doja Cat,Kiss Me More (feat. SZA)Doja Cat,88,82,0.762,0.701,-3.541,1,8,0.0286,0.235,0.000158,0.123,0.742,110.968,4,208867
Beggin',M√•neskin,Beggin'M√•neskin,78,86,0.714,0.8,-4.808,0,11,0.0504,0.127,0,0.359,0.589,134.002,4,211560
The Hills,Farux,The HillsFarux,45,48,0.656,0.778,-6.838,1,8,0.265,0.4,0,0.533,0.736,125.916,4,129717
Young Folks,Jungle Jonsson,Young FolksJungle Jonsson,40,48,0.75,0.731,-7.367,0,5,0.0379,0.068,3.63E-05,0.184,0.335,134.977,4,174222
good 4 u,Olivia Rodrigo,good 4 uOlivia Rodrigo,85,88,0.563,0.664,-5.044,1,9,0.154,0.335,0,0.0849,0.688,166.928,4,178147
Complicated,Nito-Onna,ComplicatedNito-Onna,61,52,0.724,0.692,-4.997,1,5,0.109,0.074,0,0.0937,0.419,134.088,4,152126
Jalebi Baby (Tesher x Jason Derulo),Tesher,Jalebi Baby (Tesher x Jason Derulo)Tesher,61,73,0.691,0.829,-7.179,1,0,0.0412,0.0289,0,0.254,0.866,93.059,4,169154
You Don't Know Me,Dame Dame,You Don't Know MeDame Dame,48,49,0.701,0.836,-6.521,1,9,0.275,0.0304,0.000143,0.635,0.373,124.953,4,157320
Talking to the Moon,Bruno Mars,Talking to the MoonBruno Mars,86,76,0.498,0.59,-4.721,0,1,0.032,0.511,0,0.107,0.0784,145.867,4,217867
Say It Right,M√òRFI,Say It RightM√òRFI,39,50,0.764,0.793,-6.506,0,5,0.0709,0.0132,0.00098,0.319,0.127,124.084,4,129677
Astronaut In The Ocean,Masked Wolf,Astronaut In The OceanMasked Wolf,68,79,0.778,0.695,-6.865,0,4,0.0913,0.175,0,0.15,0.472,149.996,4,132780
Creep,Naeleck,CreepNaeleck,61,65,0.615,0.829,-4.567,1,6,0.0421,0.0555,0.00156,0.426,0.0754,124.013,4,203226
Counting Stars,Farux,Counting StarsFarux,45,54,0.659,0.721,-6.877,1,7,0.264,0.501,0,0.109,0.454,124.791,4,144935
Buss It,Erica Banks,Buss ItErica Banks,54,0,0.918,0.434,-9.541,1,9,0.173,0.569,3.14E-06,0.123,0.75,109.997,4,188735
When You Were Young,Amero,When You Were YoungAmero,46,31,0.806,0.845,-4.753,1,11,0.19,0.0825,0,0.26,0.508,125.998,4,128095
Apologize,Farux,ApologizeFarux,45,48,0.677,0.71,-7.108,1,8,0.0552,0.532,0,0.337,0.325,126.109,4,129410
Beauty And A Beat,Glamii,Beauty And A BeatGlamii,38,36,0.746,0.866,-3.113,0,9,0.148,0.124,1.26E-05,0.596,0.519,128.054,4,138750
Why,Pad√©,WhyPad√©,39,38,0.61,0.902,-4.351,0,11,0.0764,0.133,0.000333,0.119,0.478,186.049,3,154839
Better Days (NEIKED x Mae Muller x Polo G),NEIKED,Better Days (NEIKED x Mae Muller x Polo G)NEIKED,68,83,0.717,0.671,-5.077,0,0,0.0337,0.0018,2.54E-06,0.0921,0.699,110.054,4,160657
The Motto,Ti√´sto,The MottoTi√´sto,82,87,0.754,0.763,-4.627,0,7,0.0435,0.0301,2.23E-05,0.0901,0.464,117.953,4,164819
Need to Know,Doja Cat,Need to KnowDoja Cat,88,85,0.664,0.609,-6.509,1,1,0.0707,0.304,0,0.0926,0.194,130.041,4,210560
Whatever You Like,DLAY,Whatever You LikeDLAY,34,49,0.687,0.679,-9.426,0,1,0.0432,0.109,0.000986,0.104,0.614,123.976,4,144677
MONEY,LISA,MONEYLISA,70,79,0.831,0.554,-9.998,0,1,0.218,0.161,6.12E-05,0.152,0.396,140.026,4,168228
Freaks,Surf Curse,FreaksSurf Curse,69,85,0.345,0.941,-9.918,1,9,0.0466,3.84E-05,0.633,0.0511,0.407,179.626,4,147062
Heart of Glass,Nito-Onna,Heart of GlassNito-Onna,61,54,0.75,0.838,-5.132,1,9,0.124,0.194,7.99E-06,0.313,0.397,123.89,4,144245
Blinding Lights,The Weeknd,Blinding LightsThe Weeknd,93,90,0.514,0.73,-5.934,1,1,0.0598,0.00146,9.54E-05,0.0897,0.334,171.005,4,200040
Thot Shit,Megan Thee Stallion,Thot ShitMegan Thee Stallion,82,72,0.95,0.693,-3.424,1,9,0.0898,0.0133,0,0.173,0.891,130.02,4,184635
Mr. Saxobeat,Nito-Onna,Mr. SaxobeatNito-Onna,61,43,0.696,0.899,-5.812,0,6,0.144,0.131,0.00141,0.114,0.517,123.901,4,159927
Moves Like Jagger,Timemachine,Moves Like JaggerTimemachine,35,46,0.552,0.831,-7.228,0,6,0.194,0.0905,2.60E-05,0.44,0.733,127.851,4,199687
Pumped Up Kicks,Madism,Pumped Up KicksMadism,66,75,0.669,0.687,-4.753,1,0,0.043,0.152,1.60E-05,0.308,0.386,123.903,4,145161
Beautiful Mistakes (feat. Megan Thee Stallion),Maroon 5,Beautiful Mistakes (feat. Megan Thee Stallion)Maroon 5,85,82,0.713,0.676,-5.483,1,10,0.027,0.0377,0,0.154,0.721,99.048,4,227395
RAPSTAR,Polo G,RAPSTARPolo G,83,49,0.789,0.536,-6.862,1,6,0.242,0.41,0,0.129,0.437,81.039,4,165926
Lies,Dame Dame,LiesDame Dame,48,37,0.823,0.771,-6.055,0,9,0.0365,0.627,0.00101,0.271,0.658,122.015,4,156885
Ready 4 Luv - TMLH Summer Mix,CAZZETTE,Ready 4 Luv - TMLH Summer MixCAZZETTE,50,55,0.679,0.869,-4.701,0,5,0.138,0.00969,1.32E-05,0.278,0.41,125.09,4,170040
Ain't Shit,Doja Cat,Ain't ShitDoja Cat,88,81,0.855,0.488,-4.601,1,3,0.208,0.506,0,0.347,0.619,124.097,4,174253
Wellerman - Sea Shanty / 220 KID x Billen Ted Remix,Nathan Evans,Wellerman - Sea Shanty / 220 KID x Billen Ted RemixNathan Evans,66,77,0.722,0.893,-3.255,0,0,0.0475,0.0441,0.000937,0.0673,0.439,119.932,4,116750
So Pretty,Reyanna Maria,So PrettyReyanna Maria,51,66,0.799,0.543,-6.094,0,10,0.24,0.0512,0.0425,0.134,0.25,187.906,4,85742
Todo De Ti,Rauw Alejandro,Todo De TiRauw Alejandro,89,82,0.78,0.718,-3.605,0,3,0.0506,0.31,0.000163,0.0932,0.342,127.949,4,199604
Write This Down (Instrumental),SoulChef,Write This Down (Instrumental)SoulChef,55,1,0.826,0.738,-4.658,0,10,0.0444,0.00355,0.939,0.0633,0.781,93.005,4,188421
Peaches (feat. Daniel Caesar & Giveon),Justin Bieber,Peaches (feat. Daniel Caesar & Giveon)Justin Bieber,90,86,0.677,0.696,-6.181,1,0,0.119,0.321,0,0.42,0.464,90.03,4,198082
Slow Down,Coopex,Slow DownCoopex,60,0,0.715,0.72,-3.906,1,9,0.193,0.134,0,0.366,0.41,128.048,4,138779
What If,HOURS,What IfHOURS,35,0,0.609,0.777,-5.879,1,6,0.0353,0.00162,1.28E-06,0.073,0.349,126.001,4,154286
Running Away,VANO 3000,Running AwayVANO 3000,55,72,0.58,0.696,-10.91,1,7,0.0408,0.66,0.852,0.145,0.721,93.688,4,111787
Aesthetic,Xilo,AestheticXilo,39,2,0.714,0.594,-10.63,1,0,0.43,0.965,0.255,0.129,0.45,169.837,4,158436
Levitating (feat. DaBaby),Dua Lipa,Levitating (feat. DaBaby)Dua Lipa,88,85,0.702,0.825,-3.787,0,6,0.0601,0.00883,0,0.0674,0.915,102.977,4,203064
Work from Home,Coopex,Work from HomeCoopex,60,54,0.845,0.669,-7.886,1,8,0.0658,0.181,0.00347,0.0897,0.86,125.014,4,151680
Bundles (feat. Taylor Girlz),Kayla Nicole,Bundles (feat. Taylor Girlz)Kayla Nicole,54,67,0.939,0.682,-5.931,1,11,0.306,0.00152,0,0.0552,0.584,130.022,4,154806
Sweater Weather,The Neighbourhood,Sweater WeatherThe Neighbourhood,83,90,0.612,0.807,-2.81,1,10,0.0336,0.0495,0.0177,0.101,0.398,124.053,4,240400
As It Was,Michael Shynes,As It WasMichael Shynes,52,46,0.595,0.812,-5.623,1,9,0.0481,0.00321,1.38E-06,0.397,0.483,104.98,4,124571
Follow Me,Senhit,Follow MeSenhit,44,60,0.707,0.867,-4.355,0,6,0.05,0.00453,0.00135,0.123,0.485,122.014,4,158247
Calling My Phone,Lil Tjay,Calling My PhoneLil Tjay,79,15,0.907,0.393,-7.636,0,4,0.0539,0.451,1.35E-06,0.135,0.202,104.949,4,205458
Wicked Game,YES YES,Wicked GameYES YES,54,55,0.755,0.835,-6.727,1,9,0.0537,0.0202,0.000999,0.145,0.471,125.005,4,143040
You Right,Doja Cat,You RightDoja Cat,88,84,0.828,0.621,-6.414,1,8,0.0565,0.0164,0.00233,0.0845,0.436,128.986,4,186173
Whoopty,CJ,WhooptyCJ,63,74,0.719,0.648,-7.6,0,3,0.125,0.2,0,0.127,0.66,140.201,4,123263
Electric Love,B√òRNS,Electric LoveB√òRNS,67,82,0.611,0.797,-7.627,0,6,0.0533,0.00543,0.00137,0.26,0.518,120.041,4,218107
When Hello Means Goodbye,Alex Alexander,When Hello Means GoodbyeAlex Alexander,46,44,0.741,0.475,-7.665,1,2,0.205,0.0214,0,0.351,0.597,166.016,4,158160
"More Than A Woman - From ""Saturday Night Fever"" Soundtrack",Bee Gees,"More Than A Woman - From ""Saturday Night Fever"" SoundtrackBee Gees",75,76,0.601,0.703,-6.24,1,7,0.0379,0.175,8.40E-05,0.571,0.673,106.164,4,196213
Friday (feat. Mufasa & Hypeman) - Dopamine Re-Edit,Riton,Friday (feat. Mufasa & Hypeman) - Dopamine Re-EditRiton,68,83,0.824,0.862,-3.424,1,2,0.126,0.0076,0.000132,0.303,0.801,122.98,4,169153
Haw√°i,Maluma,Haw√°iMaluma,83,77,0.783,0.727,-3.454,0,6,0.389,0.185,2.46E-05,0.0626,0.558,180.067,4,199112
Mood (feat. iann dior),24kGoldn,Mood (feat. iann dior)24kGoldn,74,18,0.7,0.722,-3.558,0,7,0.0369,0.221,0,0.272,0.756,90.989,4,140526
Paid,Astelle,PaidAstelle,32,39,0.861,0.631,-10.286,1,8,0.23,0.0188,0.000283,0.0954,0.675,117.993,4,180923
Lemonade,Internet Money,LemonadeInternet Money,72,76,0.799,0.66,-6.153,0,1,0.079,0.256,0,0.111,0.471,140.04,4,195429
K Boy Bye,Astelle,K Boy ByeAstelle,32,39,0.547,0.865,-5.058,0,7,0.0483,0.0141,0,0.245,0.638,159.87,4,166354
Up,Cardi B,UpCardi B,81,70,0.868,0.795,-6.044,1,11,0.269,0.0012,0.0193,0.0461,0.819,166,4,156945
Just The Two of Us,Kauai45,Just The Two of UsKauai45,50,67,0.592,0.214,-13.468,1,1,0.115,0.936,1.62E-05,0.253,0.422,81.672,4,117037
Play With Me,Ana Shine,Play With MeAna Shine,39,48,0.714,0.666,-6.012,1,6,0.0756,0.223,0,0.102,0.486,95.065,4,178261
Best Friend (feat. Doja Cat),Saweetie,Best Friend (feat. Doja Cat)Saweetie,73,45,0.84,0.766,-4.12,1,4,0.136,0.00302,3.61E-06,0.0684,0.402,94.018,4,155884
Cupid's Chokehold / Breakfast in America,Gym Class Heroes,Cupid's Chokehold / Breakfast in AmericaGym Class Heroes,68,77,0.72,0.744,-6.938,0,1,0.12,0.237,0,0.255,0.619,78.953,4,243773
Forever,Nadia Gattas,ForeverNadia Gattas,46,51,0.75,0.879,-4.88,0,4,0.0427,0.0233,0,0.193,0.333,124.038,4,181308
The Business,Ti√´sto,The BusinessTi√´sto,82,83,0.798,0.62,-7.079,0,8,0.232,0.414,0.0192,0.112,0.235,120.031,4,164000
telepat√≠a,Kali Uchis,telepat√≠aKali Uchis,78,82,0.653,0.524,-9.016,0,11,0.0502,0.112,0,0.203,0.553,83.97,4,160191
"Gravity (feat. Tyler, The Creator)",Brent Faiyaz,"Gravity (feat. Tyler, The Creator)Brent Faiyaz",80,72,0.539,0.615,-8.746,0,1,0.252,0.173,0.0056,0.144,0.493,163.924,4,214693
motive (with Doja Cat),Ariana Grande,motive (with Doja Cat)Ariana Grande,87,57,0.789,0.742,-5.664,0,10,0.0652,0.0681,0,0.166,0.661,116.965,4,167990
Feel Your Love,Yusuf Alev,Feel Your LoveYusuf Alev,46,43,0.68,0.778,-6.294,1,6,0.0433,0.0705,0,0.31,0.511,124.981,4,172714
Lost on You,sad girls,Lost on Yousad girls,48,53,0.599,0.692,-4.43,0,1,0.0739,0.124,0,0.375,0.307,121.796,4,144349
Good Days,SZA,Good DaysSZA,82,81,0.436,0.655,-8.37,0,1,0.0583,0.499,8.10E-06,0.688,0.412,121.002,4,279204
What You Know Bout Love,Pop Smoke,What You Know Bout LovePop Smoke,83,81,0.709,0.548,-8.493,1,10,0.353,0.65,1.59E-06,0.133,0.543,83.995,4,160000
Rude Boy,YES YES,Rude BoyYES YES,54,50,0.739,0.734,-6.062,1,6,0.259,0.0242,0,0.0921,0.471,101.995,4,174858
WAP (feat. Megan Thee Stallion),Cardi B,WAP (feat. Megan Thee Stallion)Cardi B,81,80,0.935,0.454,-7.509,1,1,0.375,0.0194,0,0.0824,0.357,133.073,4,187541
Savage Love (Laxed - Siren Beat),Jawsh 685,Savage Love (Laxed - Siren Beat)Jawsh 685,63,77,0.767,0.481,-8.52,0,0,0.0803,0.234,0,0.269,0.761,150.076,4,171375
dirty laundry,blackbear,dirty laundryblackbear,80,65,0.766,0.64,-8.899,1,0,0.0345,0.051,0,0.237,0.67,100.044,4,165600
HOLIDAY,Lil Nas X,HOLIDAYLil Nas X,81,73,0.81,0.511,-6.924,0,5,0.164,0.12,0,0.0832,0.837,151.947,4,154998
WITHOUT YOU,The Kid LAROI,WITHOUT YOUThe Kid LAROI,83,80,0.662,0.413,-7.357,1,0,0.0299,0.213,0,0.134,0.467,93.005,4,161385
Fly,Alex D'Rosso,FlyAlex D'Rosso,56,53,0.676,0.842,-5.98,1,8,0.239,0.0578,0.00137,0.209,0.388,140.142,4,134857
ROCKSTAR (feat. Roddy Ricch),DaBaby,ROCKSTAR (feat. Roddy Ricch)DaBaby,82,80,0.746,0.69,-7.956,1,11,0.164,0.247,0,0.101,0.497,89.977,4,181733
34+35,Ariana Grande,34+35Ariana Grande,87,80,0.83,0.585,-6.476,1,0,0.094,0.237,0,0.248,0.485,109.978,4,173711
Rover (feat. DTG),S1mba,Rover (feat. DTG)S1mba,64,78,0.613,0.624,-6.66,0,11,0.206,0.496,0,0.283,0.803,62.948,5,167917
Put Your Records On,Ritt Momney,Put Your Records OnRitt Momney,60,1,0.399,0.492,-10.777,0,6,0.0538,0.058,0.00101,0.11,0.159,91.066,4,210463
Mood Swings (feat. Lil Tjay),Pop Smoke,Mood Swings (feat. Lil Tjay)Pop Smoke,83,78,0.48,0.602,-6.335,0,10,0.368,0.487,0,0.0848,0.269,179.798,4,213333
Therefore I Am,Billie Eilish,Therefore I AmBillie Eilish,88,75,0.889,0.34,-7.773,0,11,0.0697,0.218,0.13,0.055,0.716,94.009,4,174321
Wild & Free,Nander,Wild & FreeNander,37,39,0.474,0.722,-6.209,1,2,0.0355,0.0604,0,0.584,0.274,155.941,4,149231
Glad You Came,Braaheim,Glad You CameBraaheim,59,48,0.732,0.919,-4.634,0,6,0.115,0.0271,0.000866,0.375,0.136,125.997,4,190879
For The Night (feat. Lil Baby & DaBaby),Pop Smoke,For The Night (feat. Lil Baby & DaBaby)Pop Smoke,83,80,0.823,0.586,-6.606,0,6,0.2,0.114,0,0.193,0.347,125.971,4,190476
Backyard Boy,Claire Rosinkranz,Backyard BoyClaire Rosinkranz,63,0,0.819,0.642,-7.037,1,5,0.189,0.336,0,0.0735,0.452,138.026,4,129241
TKN (feat. Travis Scott),ROSAL√çA,TKN (feat. Travis Scott)ROSAL√çA,83,72,0.776,0.509,-6.266,0,0,0.467,0.192,1.49E-06,0.115,0.485,94.634,4,129371
Say It Right,Coopex,Say It RightCoopex,60,60,0.712,0.816,-6.56,0,5,0.0447,0.152,0.0519,0.24,0.449,125.976,4,128095
Without You,Baby Bluu,Without YouBaby Bluu,31,49,0.625,0.698,-5.804,1,0,0.146,0.0107,0,0.156,0.204,120.119,4,132625
Play Date,Melanie Martinez,Play DateMelanie Martinez,78,78,0.68,0.729,-5.077,1,5,0.0475,0.612,0,0.224,0.446,123.97,4,179867
Freak,Doja Cat,FreakDoja Cat,88,72,0.688,0.716,-5.702,1,7,0.0385,0.0969,0,0.0989,0.373,116.912,3,284480
Falling Down,Andrew Nagy,Falling DownAndrew Nagy,32,38,0.574,0.852,-9.051,1,5,0.0438,0.032,0.0705,0.136,0.0363,123.005,4,165854
Wait a Minute!,WILLOW,Wait a Minute!WILLOW,76,86,0.764,0.705,-5.279,0,3,0.0278,0.0371,1.94E-05,0.0943,0.672,101.003,4,196520
Banana (feat. Shaggy) - DJ FLe - Minisiren Remix,Conkarah,Banana (feat. Shaggy) - DJ FLe - Minisiren RemixConkarah,53,65,0.824,0.854,-5.312,1,8,0.177,0.016,4.95E-05,0.117,0.896,95.114,4,210329
Over You,Myrrhe,Over YouMyrrhe,26,37,0.863,0.325,-7.864,1,0,0.341,0.667,1.71E-05,0.1,0.537,98.948,4,126314
FLIP THE SWITCH (feat. Drake),Quavo,FLIP THE SWITCH (feat. Drake)Quavo,79,67,0.853,0.637,-5.924,0,3,0.331,0.129,0,0.267,0.496,86.048,4,156195
The Boss,Coopex,The BossCoopex,60,47,0.734,0.789,-5.328,1,11,0.243,0.0809,0.000115,0.215,0.258,125.992,4,133810
Party Girl,StaySolidRocky,Party GirlStaySolidRocky,59,71,0.728,0.431,-9.966,0,6,0.0622,0.749,0,0.0996,0.629,130.022,4,147800
Love Me Again,CPX,Love Me AgainCPX,52,46,0.798,0.824,-5.642,0,0,0.413,0.206,0.000308,0.436,0.242,125,4,134400
Renee,SALES,ReneeSALES,61,65,0.924,0.386,-8.183,1,9,0.0548,0.755,0.00253,0.118,0.424,108.957,4,179125
Don't Rush (feat. Headie One),Young T & Bugsey,Don't Rush (feat. Headie One)Young T & Bugsey,60,63,0.961,0.461,-8.684,1,9,0.27,0.202,0.00402,0.162,0.324,108.028,4,207640
Right Here Waiting,Boostereo,Right Here WaitingBoostereo,52,0,0.639,0.704,-7.332,1,10,0.0352,0.0646,0,0.445,0.285,115.052,4,180522
THE SCOTTS,THE SCOTTS,THE SCOTTSTHE SCOTTS,58,76,0.716,0.537,-7.648,0,0,0.0514,0.233,0,0.157,0.28,129.979,4,165978
Cool for the Summer,Alex D'Rosso,Cool for the SummerAlex D'Rosso,56,49,0.805,0.871,-5.716,1,6,0.286,0.177,7.50E-06,0.266,0.443,136.01,4,171696
Kiss Me,Lucas Estrada,Kiss MeLucas Estrada,63,47,0.588,0.685,-8.08,1,8,0.0624,0.374,0.000155,0.581,0.122,107.938,4,146669
Red Flag,Pia Baris,Red FlagPia Baris,18,31,0.715,0.706,-5.804,0,4,0.383,0.326,0.000231,0.525,0.348,126.069,4,137431
One too Many Times,JRL,One too Many TimesJRL,44,47,0.721,0.778,-6.53,0,8,0.0459,0.00262,7.29E-05,0.111,0.449,122.023,4,141636
Boys Ain't Shit,SAYGRACE,Boys Ain't ShitSAYGRACE,58,64,0.826,0.615,-4.729,0,1,0.137,0.435,0.00631,0.334,0.841,102.999,4,175884
Boss Bitch,Doja Cat,Boss BitchDoja Cat,88,78,0.707,0.955,-4.593,0,10,0.222,0.127,0,0.202,0.575,125.989,4,134240
Only Girl,Coopex,Only GirlCoopex,60,52,0.792,0.832,-4.406,0,11,0.0397,0.367,0.00164,0.198,0.186,127.983,4,146465
Tap In,Saweetie,Tap InSaweetie,73,67,0.954,0.696,-7.117,0,10,0.204,0.00576,0.000498,0.0754,0.432,100.036,4,139413
Forever,Gianni Blu,ForeverGianni Blu,46,54,0.753,0.75,-4.314,1,11,0.0817,0.00421,3.47E-05,0.0775,0.266,124.998,4,167040
Rather Be,Cabuizee,Rather BeCabuizee,40,46,0.706,0.895,-3.879,0,8,0.148,0.299,0,0.48,0.556,120.978,4,163884
Savage,Megan Thee Stallion,SavageMegan Thee Stallion,82,70,0.843,0.741,-5.609,1,11,0.334,0.0252,0,0.096,0.68,168.983,4,155497
Blueberry Faygo,Lil Mosey,Blueberry FaygoLil Mosey,70,75,0.774,0.554,-7.909,1,0,0.0383,0.207,0,0.132,0.349,99.034,4,162547
Break My Heart,Dua Lipa,Break My HeartDua Lipa,88,78,0.73,0.729,-3.434,0,4,0.0884,0.167,1.39E-06,0.349,0.467,113.011,4,221820
On My Way,Alex Alexander,On My WayAlex Alexander,46,40,0.67,0.544,-5.506,1,4,0.0252,0.0429,0,0.0926,0.772,96.039,3,200840
Astronomia,Vicetone,AstronomiaVicetone,63,60,0.653,0.945,-2.634,1,5,0.096,0.00561,0.915,0.439,0.325,126.093,4,198095
The Box,Roddy Ricch,The BoxRoddy Ricch,80,81,0.896,0.586,-6.687,0,10,0.0559,0.104,0,0.79,0.642,116.971,4,196653
What's up?,LeXx√¨v,What's up?LeXx√¨v,32,43,0.641,0.597,-7.06,1,9,0.033,0.000399,0,0.367,0.394,120.06,4,186000
Supalonely,BENEE,SupalonelyBENEE,67,72,0.863,0.631,-4.689,1,7,0.0534,0.305,3.04E-05,0.123,0.817,128.977,4,223480
Toosie Slide,Drake,Toosie SlideDrake,95,69,0.83,0.49,-8.82,0,1,0.209,0.289,3.04E-06,0.113,0.845,81.604,4,247059
Don't Start Now,Dua Lipa,Don't Start NowDua Lipa,88,79,0.794,0.793,-4.521,0,11,0.0842,0.0125,0,0.0952,0.677,123.941,4,183290
Be Kind (with Halsey),Marshmello,Be Kind (with Halsey)Marshmello,83,77,0.63,0.633,-7.088,1,4,0.0457,0.00776,0,0.0541,0.452,93.995,4,172762
Intentions (feat. Quavo),Justin Bieber,Intentions (feat. Quavo)Justin Bieber,90,77,0.806,0.546,-6.637,1,9,0.0575,0.3,0,0.102,0.874,147.986,4,212867
Old Times,Xtinctor,Old TimesXtinctor,21,38,0.581,0.718,-5.631,1,1,0.0851,0.0195,0,0.075,0.149,92.992,4,184516
"Hey, Soul Sister",LANDR,"Hey, Soul SisterLANDR",41,41,0.642,0.725,-7.89,1,11,0.0571,0.192,0,0.153,0.134,105.101,4,196583
Later Bitches,The Prince Karma,Later BitchesThe Prince Karma,50,49,0.769,0.518,-6.563,1,8,0.102,0.000573,0.108,0.342,0.504,121.116,4,247976
Life Is Good (feat. Drake),Future,Life Is Good (feat. Drake)Future,87,77,0.676,0.609,-5.831,0,2,0.481,0.0706,0,0.152,0.508,142.037,4,237735
WHATS POPPIN,Jack Harlow,WHATS POPPINJack Harlow,84,4,0.923,0.604,-6.671,0,11,0.245,0.017,0,0.272,0.826,145.062,4,139741
Let Her Go,LANDR,Let Her GoLANDR,41,44,0.712,0.803,-7.206,1,7,0.0276,0.00537,9.81E-05,0.307,0.308,120.018,4,201005
Sunday Best,Surfaces,Sunday BestSurfaces,71,77,0.878,0.525,-6.832,1,5,0.0578,0.183,0,0.0714,0.694,112.022,4,158571
D√ÅKITI,Dame Dame,D√ÅKITIDame Dame,48,47,0.726,0.815,-5.092,0,4,0.101,0.206,0,0.631,0.627,121.975,4,147367
Say So,Doja Cat,Say SoDoja Cat,88,80,0.787,0.673,-4.583,0,11,0.159,0.264,3.35E-06,0.0904,0.779,110.962,4,237893
In Your Eyes,The Weeknd,In Your EyesThe Weeknd,93,79,0.667,0.719,-5.371,0,7,0.0346,0.00285,8.10E-05,0.0736,0.717,100.021,4,237520
Falling,Trevor Daniel,FallingTrevor Daniel,66,15,0.785,0.431,-8.756,0,10,0.0364,0.123,0,0.0887,0.236,127.085,4,159382
Let It Go,Dame Dame,Let It GoDame Dame,48,38,0.769,0.796,-7.37,1,8,0.0564,0.0279,1.97E-06,0.0871,0.681,122.039,4,130286
death bed (coffee for your head),Powfu,death bed (coffee for your head)Powfu,71,82,0.726,0.431,-8.765,0,8,0.135,0.731,0,0.696,0.348,144.026,4,173333
That Way,Lil Uzi Vert,That WayLil Uzi Vert,85,62,0.719,0.611,-5.01,0,7,0.0403,0.0582,0,0.155,0.489,129.962,4,212354
Baby I'm Yours,Breakbot,Baby I'm YoursBreakbot,57,69,0.829,0.792,-3.755,0,2,0.0668,0.726,5.83E-06,0.122,0.758,118.05,4,215507
BOP,DaBaby,BOPDaBaby,82,76,0.769,0.787,-3.909,1,11,0.367,0.189,0,0.129,0.836,126.77,4,159715
OUT WEST (feat. Young Thug),JACKBOYS,OUT WEST (feat. Young Thug)JACKBOYS,65,77,0.802,0.591,-4.895,1,8,0.225,0.0104,0,0.196,0.309,139.864,4,157712
When the Sun Goes Down,Martin van Lectro,When the Sun Goes DownMartin van Lectro,39,37,0.544,0.748,-5.556,1,5,0.0865,0.0646,0,0.519,0.391,123.752,4,148999
Skechers,DripReport,SkechersDripReport,54,0,0.907,0.332,-9.828,1,1,0.0836,0.326,0.0168,0.109,0.277,99.998,4,106031
ROXANNE,Arizona Zervas,ROXANNEArizona Zervas,66,78,0.621,0.601,-5.616,0,6,0.148,0.0522,0,0.46,0.457,116.735,5,163636
Shooting Stars,Bag Raiders,Shooting StarsBag Raiders,53,0,0.649,0.716,-6.232,1,11,0.0445,0.0879,0.03,0.0824,0.503,124.968,4,235813
The Git Up,Blanco Brown,The Git UpBlanco Brown,60,3,0.847,0.678,-8.635,1,9,0.109,0.0669,0,0.274,0.811,97.984,4,200594
Payphone,Faruk Orman,PayphoneFaruk Orman,43,45,0.721,0.707,-7.953,1,11,0.224,0.563,6.40E-06,0.338,0.462,125.07,4,128825
I Don't Care (with Justin Bieber),Ed Sheeran,I Don't Care (with Justin Bieber)Ed Sheeran,90,78,0.798,0.675,-5.041,1,6,0.0442,0.0912,0,0.0894,0.842,101.956,4,219947
hot girl bummer,blackbear,hot girl bummerblackbear,80,5,0.778,0.559,-7.109,0,6,0.0776,0.128,0,0.399,0.678,129.989,1,185093
Demons,CPX,DemonsCPX,52,56,0.7,0.848,-5.473,1,8,0.217,0.317,0,0.349,0.29,124.056,4,129693
Girls Like You (feat. Cardi B) - Cardi B Version,Maroon 5,Girls Like You (feat. Cardi B) - Cardi B VersionMaroon 5,85,74,0.851,0.541,-6.825,1,0,0.0505,0.568,0,0.13,0.448,124.959,4,235545
Without Me,Halsey,Without MeHalsey,83,77,0.752,0.488,-7.05,1,6,0.0705,0.297,9.11E-06,0.0936,0.533,136.041,4,201661
Plug Walk,Rich The Kid,Plug WalkRich The Kid,67,70,0.876,0.519,-6.531,1,11,0.143,0.202,0,0.108,0.158,94.981,4,175230
California Dreaming,Jorm,California DreamingJorm,42,53,0.717,0.865,-4.126,0,1,0.0307,0.0222,0.0012,0.605,0.487,124.048,4,152323
Rockstar,Ilkay Sencan,RockstarIlkay Sencan,61,69,0.771,0.826,-3.978,1,11,0.0604,0.142,0.03,0.145,0.185,100.012,4,212280
Falling for U,Peachy!,Falling for UPeachy!,57,1,0.516,0.358,-12.018,0,8,0.424,0.743,1.30E-06,0.0813,0.397,79.509,4,124000
Lovely,Alfons,LovelyAlfons,58,45,0.504,0.677,-6.954,0,4,0.064,0.316,0.00127,0.268,0.0375,128.078,4,159023
The Less I Know The Better,Tame Impala,The Less I Know The BetterTame Impala,78,84,0.64,0.74,-4.083,1,4,0.0284,0.0115,0.00678,0.167,0.785,116.879,4,216320
Dandelions,Ruth B.,DandelionsRuth B.,75,90,0.609,0.692,-2.958,1,1,0.0259,0.0157,0,0.0864,0.454,116.959,3,233720
Jimmy Cooks (feat. 21 Savage),Drake,Jimmy Cooks (feat. 21 Savage)Drake,95,92,0.529,0.673,-4.711,1,0,0.175,0.000307,2.41E-06,0.093,0.366,165.921,4,218365
Good Looking,Suki Waterhouse,Good LookingSuki Waterhouse,64,80,0.377,0.558,-9.076,1,4,0.0299,0.0789,0.000342,0.125,0.267,149.971,3,214800
INFERNO,Sub Urban,INFERNOSub Urban,67,71,0.82,0.611,-5.02,0,9,0.122,0.0766,2.50E-05,0.0684,0.637,127.883,4,133134
Here's Your Perfect,Jamie Miller,Here's Your PerfectJamie Miller,65,77,0.558,0.454,-5.335,1,6,0.0551,0.499,0,0.146,0.424,113.12,4,158594
It's You,Sezairi,It's YouSezairi,57,73,0.63,0.456,-8.285,1,8,0.0317,0.545,0,0.114,0.166,137.915,3,251440
Take You Dancing,Jason Derulo,Take You DancingJason Derulo,80,79,0.789,0.711,-4.248,1,2,0.041,0.0332,0,0.0876,0.753,112.985,4,190306
It's Only Me - Studio Version,Kaleb J,It's Only Me - Studio VersionKaleb J,60,73,0.602,0.298,-13.333,1,4,0.0385,0.31,0,0.117,0.316,119.889,4,203076
Reckless,Madison Beer,RecklessMadison Beer,71,78,0.386,0.426,-6.642,1,3,0.0363,0.807,0,0.14,0.261,180.104,3,203385
deja vu,Olivia Rodrigo,deja vuOlivia Rodrigo,85,88,0.442,0.612,-7.222,1,2,0.112,0.584,5.70E-06,0.37,0.178,180.917,4,215507
Paradise,Bazzi,ParadiseBazzi,72,75,0.844,0.644,-6.273,0,11,0.0479,0.0828,0,0.113,0.591,122.061,4,169038
Never (feat. OMI),Marcus & Martinus,Never (feat. OMI)Marcus & Martinus,54,39,0.651,0.595,-6.889,1,8,0.179,0.279,0,0.241,0.816,116.92,5,190080
Into Your Arms (feat. Ava Max),Witt Lowry,Into Your Arms (feat. Ava Max)Witt Lowry,62,77,0.504,0.788,-4.113,0,3,0.215,0.0134,0,0.363,0.228,170.039,4,186022
Apollo,Nightcore High,ApolloNightcore High,44,61,0.483,0.611,-6.33,1,1,0.0994,0.117,0,0.111,0.325,103.308,4,150340
D·ªÖ ƒê·∫øn D·ªÖ ƒêi,Quang H√πng MasterD,D·ªÖ ƒê·∫øn D·ªÖ ƒêiQuang H√πng MasterD,37,46,0.873,0.444,-7.139,1,10,0.0441,0.752,0.0393,0.0979,0.406,105.017,4,270048
Tutu,Camilo,TutuCamilo,80,69,0.731,0.832,-2.592,1,9,0.0503,0.273,0,0.0665,0.94,146.013,4,178613
Know Me Too Well,New Hope Club,Know Me Too WellNew Hope Club,56,59,0.75,0.698,-4.371,0,1,0.0388,0.427,0,0.0654,0.834,122.954,4,200013
Stereo Hearts (feat. Adam Levine),Gym Class Heroes,Stereo Hearts (feat. Adam Levine)Gym Class Heroes,68,63,0.646,0.795,-3.293,1,9,0.0976,0.0319,0,0.267,0.796,89.99,4,210960
#BrooklynBloodPop!,SyKo,#BrooklynBloodPop!SyKo,58,75,0.691,0.814,-3.788,0,1,0.117,0.0164,0,0.366,0.509,132.012,4,145611
So Big,Iyaz,So BigIyaz,63,52,0.697,0.688,-4.551,1,6,0.0362,0.29,0,0.308,0.666,121.962,4,199920
double take,dhruv,double takedhruv,67,6,0.654,0.434,-11.163,1,8,0.0665,0.837,0,0.216,0.223,109.069,4,171743
everything sucks,vaultboy,everything sucksvaultboy,63,76,0.76,0.371,-8.964,1,6,0.0531,0.00772,0,0.0785,0.653,138.023,4,115402
Unlock it (Lock It) - feat. Kim Petras and Jay Park,Charli XCX,Unlock it (Lock It) - feat. Kim Petras and Jay ParkCharli XCX,77,63,0.504,0.711,-5.864,1,9,0.0452,0.0585,1.83E-05,0.382,0.5,134.824,4,232933
Caroline,Amin√©,CarolineAmin√©,69,73,0.94,0.335,-10.179,0,5,0.505,0.17,0,0.262,0.707,120.04,4,209640
–†–∞—Ç–∞—Ç–∞,Konfuz,–†–∞—Ç–∞—Ç–∞Konfuz,51,59,0.921,0.524,-7.074,0,8,0.0569,0.172,0,0.138,0.895,129.995,4,137077
Cheating on You,Charlie Puth,Cheating on YouCharlie Puth,83,77,0.749,0.535,-6.785,1,4,0.0336,0.0131,3.65E-05,0.0982,0.601,123.042,4,196607
Levitating,Dua Lipa,LevitatingDua Lipa,88,83,0.695,0.884,-2.278,0,6,0.0753,0.0561,0,0.213,0.914,103.014,4,203808
After School,Weeekly,After SchoolWeeekly,56,72,0.634,0.928,-1.609,1,1,0.0514,0.00719,2.55E-06,0.0626,0.738,164.007,4,205373
2 Ph√∫t H∆°n - KAIZ Remix,Ph√°o,2 Ph√∫t H∆°n - KAIZ RemixPh√°o,46,62,0.845,0.733,-4.581,1,9,0.0566,0.0265,0.0109,0.063,0.28,128.016,4,183832
ÊôöÂÆâÊôöÂÆâ (DJÁâà),Â∞è‰∏âÈáë,ÊôöÂÆâÊôöÂÆâ (DJÁâà)Â∞è‰∏âÈáë,24,35,0.624,0.528,-6.659,1,3,0.07,0.284,0,0.0549,0.642,179.8,4,125320
K·∫ª C·∫Øp G·∫∑p B√† Gi√† - Remix,DJ TikTok,K·∫ª C·∫Øp G·∫∑p B√† Gi√† - RemixDJ TikTok,38,41,0.875,0.677,-3.441,0,3,0.0467,0.0391,0.611,0.332,0.798,128.015,4,194955
SugarCrash!,ElyOtto,SugarCrash!ElyOtto,57,1,0.745,0.74,-6.558,1,0,0.097,0.53,7.37E-05,0.0936,0.36,97.735,4,80118
Stuck in the Middle,Tai Verdes,Stuck in the MiddleTai Verdes,70,0,0.844,0.429,-9.308,1,2,0.0448,0.574,0,0.0949,0.764,119.989,4,196000
Please Don't Go,Mike Posner,Please Don't GoMike Posner,70,68,0.699,0.882,-3.896,0,4,0.0311,0.00296,0.0544,0.13,0.657,120.016,4,196813
Renai Circulation (English Cover) [2012 TV Size],Lizz Robinett,Renai Circulation (English Cover) [2012 TV Size]Lizz Robinett,52,0,0.896,0.555,-12.145,1,4,0.085,0.252,0.0143,0.109,0.772,120.013,4,91067
Copines,Aya Nakamura,CopinesAya Nakamura,69,72,0.701,0.787,-3.941,0,8,0.0855,0.27,0,0.105,0.904,180.027,4,171720
FACK,Eminem,FACKEminem,89,62,0.842,0.602,-7.103,1,1,0.0796,0.00638,0.112,0.103,0.372,124.213,4,205760
To the Bone,Pamungkas,To the BonePamungkas,67,78,0.668,0.727,-6.55,0,7,0.027,0.514,1.90E-05,0.1,0.939,139.991,4,344571
Rasputin,Boney M.,RasputinBoney M.,70,70,0.69,0.752,-11.47,0,6,0.0455,0.463,0.00102,0.595,0.97,126.005,4,220667
Gimme More,Britney Spears,Gimme MoreBritney Spears,78,79,0.788,0.844,-3.131,1,2,0.0334,0.25,0.000678,0.0723,0.382,113.324,4,251240
The Show,Lenka,The ShowLenka,51,57,0.753,0.59,-4.144,1,0,0.0317,0.259,0,0.0836,0.593,123.028,4,235693
3 Strikes,Terror Jr,3 StrikesTerror Jr,47,56,0.599,0.432,-6.097,1,5,0.0451,0.62,0.00773,0.105,0.615,106.824,5,175777
Yours,Raiden,YoursRaiden,52,68,0.676,0.774,-3.988,1,8,0.0338,0.137,0,0.106,0.392,86.994,4,235413
Dangerous,Kardinal Offishall,DangerousKardinal Offishall,60,73,0.949,0.79,-5.957,1,8,0.0756,0.00437,0,0.0816,0.807,117.002,4,246053
Heartbreak Anniversary,Giveon,Heartbreak AnniversaryGiveon,80,83,0.449,0.465,-8.964,1,0,0.0791,0.524,1.02E-06,0.303,0.543,89.087,3,198371
BANG BANG BANG,BIGBANG,BANG BANG BANGBIGBANG,65,67,0.69,0.843,-2.949,1,1,0.0534,0.0167,0,0.346,0.428,135.01,4,220178
Safe And Sound,Capital Cities,Safe And SoundCapital Cities,66,82,0.655,0.819,-4.852,1,0,0.0316,0.000176,0.00374,0.104,0.766,117.956,5,192790
Savage Days,Eric D,Savage DaysEric D,34,0,0.757,0.836,-6.437,0,1,0.0601,0.00324,0.000663,0.0389,0.756,136.883,4,138312
Dilemma,Nelly,DilemmaNelly,74,77,0.727,0.552,-8.074,0,2,0.14,0.227,0.000164,0.198,0.607,168.189,4,289160
"Sit Still, Look Pretty",Daya,"Sit Still, Look PrettyDaya",69,0,0.657,0.739,-4.081,1,2,0.274,0.141,0,0.178,0.543,181.994,4,202221
YRN - Remix,Eduardo Luzqui√±os,YRN - RemixEduardo Luzqui√±os,57,0,0.808,0.782,-8.505,0,7,0.197,0.0241,0.00156,0.123,0.634,126.026,4,268355
Brave,Sara Bareilles,BraveSara Bareilles,65,70,0.551,0.836,-3.838,0,10,0.0524,0.00502,2.10E-05,0.0425,0.758,185.063,4,220573
At My Worst,Pink Sweat$,At My WorstPink Sweat$,69,74,0.813,0.415,-5.926,1,0,0.0349,0.777,0,0.131,0.667,91.921,4,170345
drivers license,Olivia Rodrigo,drivers licenseOlivia Rodrigo,85,88,0.561,0.431,-8.81,1,10,0.0578,0.768,1.42E-05,0.106,0.137,143.875,4,242013
happier,Olivia Rodrigo,happierOlivia Rodrigo,85,86,0.395,0.443,-9.72,1,6,0.133,0.765,9.67E-06,0.0839,0.338,168.924,3,175933
You're Perfect,Charly Black,You're PerfectCharly Black,60,57,0.817,0.855,-3.282,0,7,0.244,0.318,0,0.0517,0.783,104.909,4,196973
My Universe,Coldplay,My UniverseColdplay,87,83,0.588,0.701,-6.39,1,9,0.0402,0.00813,0,0.2,0.443,104.988,4,228000
Permission to Dance,BTS,Permission to DanceBTS,91,11,0.702,0.741,-5.33,1,9,0.0427,0.00544,0,0.337,0.646,124.925,4,187585
Butter,BTS,ButterBTS,91,15,0.759,0.459,-5.187,1,8,0.0948,0.00323,0,0.0906,0.695,109.997,4,164442
LALISA,LISA,LALISALISA,70,72,0.804,0.652,-6.282,1,8,0.0898,0.0267,0.000782,0.118,0.854,150.076,4,200690
Hair (feat. Sean Paul),Little Mix,Hair (feat. Sean Paul)Little Mix,77,61,0.713,0.801,-5.781,1,7,0.0483,0.00628,1.50E-06,0.825,0.727,153.984,4,235127
My Lecon,JTL,My LeconJTL,25,40,0.945,0.821,-3.549,0,9,0.0503,0.281,0.000316,0.0534,0.528,107.99,4,206200
Hatchback,Cochise,HatchbackCochise,68,62,0.734,0.692,-6.227,0,2,0.0555,0.0221,0,0.224,0.348,77.994,4,149145
Shower,Becky G,ShowerBecky G,81,77,0.699,0.529,-7.548,1,2,0.0487,0.0317,3.59E-05,0.285,0.121,119.987,4,206167
Replay,Iyaz,ReplayIyaz,63,75,0.706,0.751,-6.323,1,9,0.0708,0.173,0,0.168,0.195,91.031,4,182307
Love Me,Lil Wayne,Love MeLil Wayne,85,70,0.669,0.634,-6.476,1,11,0.0327,0.0125,0,0.0946,0.496,124.906,4,255053
Hello Bitches,CL,Hello BitchesCL,59,66,0.714,0.884,-2.932,1,11,0.113,0.00985,0,0.439,0.584,145.075,4,178177
Why,Bazzi,WhyBazzi,72,69,0.676,0.67,-6.584,1,8,0.0374,0.353,0,0.103,0.54,113.01,4,148260
GUY.exe,Superfruit,GUY.exeSuperfruit,59,76,0.77,0.732,-4.601,0,4,0.0508,0.0305,0,0.157,0.889,110.011,4,222680
Young Dumb & Broke,Khalid,Young Dumb & BrokeKhalid,85,80,0.799,0.539,-6.351,1,1,0.0421,0.199,1.66E-05,0.165,0.394,136.948,4,202547
You Don't Know Me,Jax Jones,You Don't Know MeJax Jones,75,64,0.877,0.658,-6.055,0,11,0.132,0.163,0,0.108,0.693,123.999,4,213947
broken,lovelytheband,brokenlovelytheband,60,70,0.666,0.728,-5.808,1,7,0.0419,0.00175,4.26E-06,0.0429,0.51,122.996,4,204878
Hot N Cold,Katy Perry,Hot N ColdKaty Perry,83,70,0.706,0.841,-3.956,1,7,0.0418,7.95E-05,0,0.0688,0.861,132.032,4,220227
Who Says,Selena Gomez & The Scene,Who SaysSelena Gomez & The Scene,67,76,0.682,0.927,-2.915,1,4,0.0479,0.0843,0,0.149,0.744,101.019,4,195613
Habits (Stay High),Tove Lo,Habits (Stay High)Tove Lo,74,75,0.733,0.65,-3.539,1,5,0.0315,0.0703,6.59E-05,0.0829,0.348,110.003,4,209160
Middle,DJ Snake,MiddleDJ Snake,77,75,0.583,0.695,-5.336,1,9,0.0423,0.0141,0,0.0527,0.224,104.879,4,220573
Pepas,Farruko,PepasFarruko,84,87,0.762,0.766,-3.955,1,7,0.0343,0.00776,6.98E-05,0.128,0.442,130.001,4,287120
idfc,blackbear,idfcblackbear,80,75,0.63,0.5,-8.755,0,1,0.0611,0.611,4.04E-05,0.114,0.315,144.871,4,245172
positions,Ariana Grande,positionsAriana Grande,87,85,0.737,0.802,-4.771,1,0,0.0878,0.468,0,0.0931,0.682,144.015,4,172325
Eenie Meenie,Sean Kingston,Eenie MeenieSean Kingston,69,74,0.72,0.607,-4.168,1,1,0.0322,0.0543,0,0.113,0.828,121.223,4,201947
What A Shame,Leyla Blue,What A ShameLeyla Blue,57,74,0.699,0.463,-7.828,1,0,0.475,0.315,0,0.0803,0.565,143.99,4,177200
Maniac,Conan Gray,ManiacConan Gray,81,81,0.628,0.639,-5.46,1,8,0.0435,0.00162,0,0.354,0.493,108.045,4,185773
Fashion Week,cry,Fashion Weekcry,0,0,0.717,0.846,-3.182,0,1,0.0329,0.00401,0.0913,0.05,0.713,136.961,4,155365
Hold On,Justin Bieber,Hold OnJustin Bieber,90,78,0.658,0.634,-6.068,0,1,0.0431,0.0104,0,0.12,0.302,140.002,4,170813
Somebody To You,The Vamps,Somebody To YouThe Vamps,69,76,0.526,0.818,-5.952,1,3,0.0358,0.0587,0,0.333,0.896,171.96,4,185098
Shouldn't Be,Luke Chiang,Shouldn't BeLuke Chiang,59,73,0.651,0.291,-10.009,1,4,0.0326,0.738,0,0.115,0.302,124.898,3,210436
Give Love,AKMU,Give LoveAKMU,57,61,0.793,0.706,-4.536,1,5,0.0695,0.332,0,0.0752,0.839,95.992,4,176532
PYRO,Chester Young,PYROChester Young,44,60,0.718,0.977,-1.824,1,1,0.0668,0.143,0.0318,0.374,0.259,125.983,4,148364
Maps,Maroon 5,MapsMaroon 5,85,68,0.742,0.713,-5.522,0,1,0.0303,0.0205,0,0.059,0.879,120.032,4,189960
Wildest Dreams,Taylor Swift,Wildest DreamsTaylor Swift,93,78,0.553,0.664,-7.417,1,8,0.0741,0.0709,0.0056,0.106,0.467,140.06,4,220440
Baby I Got Issues,U/NITISH,Baby I Got IssuesU/NITISH,46,63,0.734,0.495,-8.228,0,2,0.24,0.548,0,0.121,0.539,150.044,4,164955
Motive X - Promiscuous Mix,Khlaw,Motive X - Promiscuous MixKhlaw,49,4,0.786,0.764,-12.556,1,0,0.0478,0.00584,1.32E-05,0.376,0.789,112.005,4,193190
"No Guidance, Remake",Litfranse,"No Guidance, RemakeLitfranse",12,28,0.697,0.505,-7.595,0,1,0.121,0.121,0,0.254,0.172,93.022,4,216790
Way Back Home,SHAUN,Way Back HomeSHAUN,60,71,0.745,0.739,-4.591,1,10,0.0327,0.405,0.000183,0.127,0.556,99.913,4,214137
Like I Can,Sam Smith,Like I CanSam Smith,81,79,0.656,0.627,-6.627,0,7,0.0379,0.343,2.17E-05,0.124,0.481,99.933,4,167066
Miss Independent,Ne-Yo,Miss IndependentNe-Yo,77,65,0.668,0.673,-5.714,1,1,0.145,0.48,0,0.194,0.727,171.812,4,232000
Sweet but Psycho,Ava Max,Sweet but PsychoAva Max,79,80,0.72,0.706,-4.719,1,1,0.0473,0.0684,0,0.166,0.62,133.002,4,187436
WFM,RealestK,WFMRealestK,62,3,0.437,0.184,-17.667,1,1,0.0313,0.72,0.00253,0.113,0.247,80.088,4,136000
Die Young,Kesha,Die YoungKesha,76,78,0.711,0.7,-4.805,0,1,0.046,0.00498,0.000125,0.215,0.801,128.001,4,211920
Some,BOL4,SomeBOL4,62,72,0.659,0.799,-2.849,0,1,0.0629,0.417,0,0.0562,0.782,103.991,4,181373
Classic,MKTO,ClassicMKTO,66,64,0.72,0.79,-4.686,1,1,0.125,0.0383,0,0.156,0.755,102.068,4,175427
Where'd You Go (feat. Holly Brook & Jonah Matranga),Fort Minor,Where'd You Go (feat. Holly Brook & Jonah Matranga)Fort Minor,60,61,0.684,0.819,-3.309,0,1,0.238,0.262,0.00197,0.113,0.25,179.999,4,231867
Still into You,Paramore,Still into YouParamore,75,79,0.602,0.923,-3.763,1,5,0.044,0.0098,0,0.0561,0.765,136.01,4,216013
Where Them Girls At (feat. Nicki Minaj & Flo Rida),David Guetta,Where Them Girls At (feat. Nicki Minaj & Flo Rida)David Guetta,86,72,0.666,0.876,-3.078,1,3,0.0414,0.055,0,0.259,0.552,129.884,4,194840
Toxic,BoyWithUke,ToxicBoyWithUke,76,5,0.594,0.612,-6.627,0,8,0.363,0.835,0,0.461,0.687,179.629,4,168020
–Ø –±—É–¥—É –µ–±–∞—Ç—å,Moreart,–Ø –±—É–¥—É –µ–±–∞—Ç—åMoreart,46,64,0.811,0.712,-6.567,1,11,0.304,0.142,9.34E-05,0.148,0.497,203.918,4,141218
TWINNEM,Coi Leray,TWINNEMCoi Leray,65,57,0.885,0.353,-10.484,1,2,0.0912,0.0866,5.78E-05,0.173,0.316,134.079,4,117067
Might Be,DJ Luke Nasty,Might BeDJ Luke Nasty,48,49,0.448,0.782,-6.766,0,9,0.458,0.378,0,0.114,0.694,74.037,4,210704
Low (feat. T-Pain),Flo Rida,Low (feat. T-Pain)Flo Rida,77,80,0.918,0.609,-5.64,0,10,0.0791,0.0928,0,0.139,0.304,128.008,4,231400
Take You To Hell,Ava Max,Take You To HellAva Max,79,63,0.501,0.682,-4.664,0,0,0.0684,0.135,0,0.145,0.503,173.926,4,164537
True Love (feat. Lily Allen),P!nk,True Love (feat. Lily Allen)P!nk,79,71,0.457,0.823,-4.76,1,9,0.311,0.00144,0,0.108,0.578,192.205,4,230733
24-Jul,Celina Sharma,24/7Celina Sharma,52,67,0.704,0.638,-2.834,1,10,0.0742,0.385,0,0.0683,0.386,107.974,4,184478
In The Bible (with Lil Durk & Giveon),Drake,In The Bible (with Lil Durk & Giveon)Drake,95,72,0.686,0.385,-8.35,0,7,0.297,0.614,0,0.131,0.147,143.07,4,296568
Because Of You,Ne-Yo,Because Of YouNe-Yo,77,74,0.81,0.538,-5.784,0,0,0.0356,0.528,0,0.0951,0.828,109.97,4,266840
BOOM,Ti√´sto,BOOMTi√´sto,82,69,0.886,0.84,-3.386,1,2,0.0502,0.0164,0.00622,0.329,0.203,123.035,4,179512
ÊîæÂÄãÂ§ßÊãõÁµ¶‰Ω†Áúã (OPPO Reno ÂÆ£ÂÇ≥Êõ≤),Ryan.B,ÊîæÂÄãÂ§ßÊãõÁµ¶‰Ω†Áúã (OPPO Reno ÂÆ£ÂÇ≥Êõ≤)Ryan.B,46,54,0.704,0.576,-4.962,1,8,0.0967,0.654,0,0.0865,0.921,206.072,4,178720
Soap,Melanie Martinez,SoapMelanie Martinez,78,73,0.595,0.689,-6.107,0,6,0.148,0.254,5.44E-06,0.129,0.213,168.112,4,209427
California Gurls,Katy Perry,California GurlsKaty Perry,83,75,0.791,0.754,-3.729,1,0,0.0569,0.00446,0,0.163,0.425,125.014,4,234653
Insomnia,Craig David,InsomniaCraig David,65,59,0.62,0.884,-4.127,1,1,0.0441,0.00595,1.10E-06,0.201,0.594,125.39,4,207307
One Time,Justin Bieber,One TimeJustin Bieber,90,70,0.691,0.853,-2.528,0,1,0.0372,0.0631,7.13E-05,0.082,0.762,145.999,4,215867
Me Too,Meghan Trainor,Me TooMeghan Trainor,74,72,0.934,0.694,-5.849,0,11,0.101,0.0971,1.20E-06,0.477,0.833,123.831,4,181240
Infinity,Jaymes Young,InfinityJaymes Young,71,86,0.671,0.673,-6.941,0,11,0.0444,0.148,5.29E-05,0.304,0.494,121.963,4,237720
No Lie,Sean Paul,No LieSean Paul,79,83,0.742,0.882,-2.862,1,7,0.117,0.0466,0,0.206,0.463,102.04,4,221176
"SG (with Ozuna, Megan Thee Stallion & LISA of BLACKPINK)",DJ Snake,"SG (with Ozuna, Megan Thee Stallion & LISA of BLACKPINK)DJ Snake",77,76,0.8,0.837,-2.807,0,6,0.0491,0.00406,0.00313,0.0904,0.702,100.015,4,225600
Day 'n' Nite,Kid Cudi,Day 'n' NiteKid Cudi,81,62,0.88,0.445,-6.154,0,11,0.066,0.515,4.57E-06,0.102,0.787,138.048,4,222067
Up (feat. Demi Lovato),Olly Murs,Up (feat. Demi Lovato)Olly Murs,65,70,0.692,0.831,-5.389,1,9,0.034,0.0146,0,0.103,0.676,114.972,4,224294
Title,Meghan Trainor,TitleMeghan Trainor,74,73,0.779,0.754,-4.358,1,5,0.0966,0.343,2.60E-06,0.0965,0.883,89.998,4,174733
Style,Taylor Swift,StyleTaylor Swift,93,79,0.588,0.791,-5.595,1,7,0.0402,0.00245,0.00258,0.118,0.487,94.933,4,231000
Every Summertime,NIKI,Every SummertimeNIKI,75,81,0.628,0.676,-4.227,1,6,0.0424,0.393,6.94E-05,0.0978,0.723,78.996,4,215687
Snowman,Sia,SnowmanSia,82,74,0.716,0.512,-6.257,1,1,0.0331,0.483,0,0.0928,0.326,104.957,3,165907
Se Acab√≥ la Cuarentena,Jowell & Randy,Se Acab√≥ la CuarentenaJowell & Randy,69,62,0.886,0.605,-4.311,1,6,0.109,0.00127,0.0167,0.0767,0.646,122.052,4,166971
Hips Don't Lie (feat. Wyclef Jean),Shakira,Hips Don't Lie (feat. Wyclef Jean)Shakira,85,83,0.778,0.824,-5.892,0,10,0.0707,0.284,0,0.405,0.758,100.024,4,218093
Save Your Tears,The Weeknd,Save Your TearsThe Weeknd,93,88,0.68,0.826,-5.487,1,0,0.0309,0.0212,1.24E-05,0.543,0.644,118.051,4,215627
I Wanna Love You,Akon,I Wanna Love YouAkon,79,14,0.865,0.45,-9.387,1,0,0.0417,0.0359,1.28E-06,0.308,0.352,99.989,4,247067
All I Wanna Do,Jay Park,All I Wanna DoJay Park,67,66,0.613,0.668,-6.867,1,8,0.267,0.245,0,0.0735,0.509,96.176,4,209393
Ain't Your Mama,Jennifer Lopez,Ain't Your MamaJennifer Lopez,75,71,0.757,0.678,-5.529,0,8,0.233,0.0472,9.14E-06,0.0654,0.82,120.075,4,218235
Teenage Dream,Katy Perry,Teenage DreamKaty Perry,83,70,0.719,0.798,-4.582,1,10,0.0361,0.0162,2.34E-06,0.134,0.591,120.011,4,227741
Like A G6,Far East Movement,Like A G6Far East Movement,65,74,0.435,0.837,-8.126,1,3,0.449,0.00676,0,0.117,0.778,124.913,4,216893
Love Me,Justin Bieber,Love MeJustin Bieber,90,68,0.729,0.868,-3.319,1,3,0.0609,0.00939,0,0.283,0.632,124.957,4,191573
Baby,Justin Bieber,BabyJustin Bieber,90,81,0.728,0.859,-5.237,0,5,0.137,0.0401,0,0.111,0.535,65.043,4,214240
Favorite Girl,Justin Bieber,Favorite GirlJustin Bieber,90,72,0.581,0.681,-4.469,1,7,0.0435,0.0472,0,0.104,0.634,176.034,4,256800
Love Tonight - David Guetta Remix Edit,Shouse,Love Tonight - David Guetta Remix EditShouse,71,81,0.621,0.989,-4.225,0,10,0.0434,0.015,0.357,0.184,0.0348,126.002,4,158095
Ghost,Justin Bieber,GhostJustin Bieber,90,89,0.601,0.741,-5.569,1,2,0.0478,0.185,2.91E-05,0.415,0.441,153.96,4,153190
Polaroid Love,ENHYPEN,Polaroid LoveENHYPEN,75,79,0.738,0.67,-3.766,0,7,0.0439,0.458,0,0.361,0.651,138.055,4,184602
Save Your Tears (with Ariana Grande) (Remix),The Weeknd,Save Your Tears (with Ariana Grande) (Remix)The Weeknd,93,84,0.65,0.825,-4.645,1,0,0.0325,0.0215,2.44E-05,0.0936,0.593,118.091,4,191014
We Found Love,Rihanna,We Found LoveRihanna,87,77,0.734,0.766,-4.485,1,1,0.0383,0.025,0.00138,0.108,0.6,127.986,4,215227
Panda,Desiigner,PandaDesiigner,63,67,0.685,0.731,-5.503,0,10,0.414,0.0292,0,0.369,0.266,145.245,4,247867
Upside Down,JVKE,Upside DownJVKE,71,65,0.88,0.501,-6.774,1,2,0.062,0.0494,0.0695,0.436,0.459,120.038,4,114500
lowkey,NIKI,lowkeyNIKI,75,76,0.752,0.494,-8.18,1,0,0.0559,0.432,0,0.0869,0.227,117.901,4,171356
Desce Pro Play (PA PA PA),ZAAC,Desce Pro Play (PA PA PA)ZAAC,60,64,0.935,0.71,-5.085,0,11,0.158,0.0769,1.92E-06,0.173,0.635,100.009,4,168507
